Location_ID,Latitude,Longitude,Grid_Score,Road_Score,Pop_Score,POI_Score,Slope_Score
P-001,24.45745401188474,39.554085794139276,63,52,86,21,82
P-002,24.51507143064099,39.63273335346429,91,89,95,34,70
P-003,24.49319939418114,39.590866277539924,50,95,45,61,71
P-004,24.479865848419703,39.61611418985141,88,73,35,94,69
P-005,24.435601864044244,39.66798364161039,47,99,70,62,91
P-006,24.43559945203362,39.58240798978935,75,81,76,32,75
P-007,24.42580836121682,39.60334977999463,77,96,48,25,67
P-008,24.506617614577493,39.6482216480106,79,71,97,66,97
P-009,24.48011150117432,39.57974376151391,59,72,88,48,71
P-010,24.490807257779604,39.56000738827774,74,51,66,62,83
P-011,24.42205844942958,39.58766768887879,87,76,81,51,87
P-012,24.5169909852162,39.570958767343015,64,91,88,67,67
P-013,24.503244264080042,39.67086069480453,74,51,95,48,87
P-014,24.44123391106783,39.655055649343375,64,75,35,23,95
P-015,24.43818249672071,39.63234248834635,68,66,67,14,85
P-016,24.438340450985343,39.663289876724406,57,89,58,44,67
P-017,24.450424224295954,39.65447736999688,85,82,52,96,87
P-018,24.472475643163225,39.57425410765518,57,58,42,84,87
P-019,24.463194501864212,39.6660326698037,41,92,29,27,96
P-020,24.449122914019807,39.62011449144903,93,97,88,85,95
P-021,24.48118528947224,39.65496722017133,74,88,53,18,86
P-022,24.433949386065205,39.66649186899005,55,78,71,83,76
P-023,24.449214464853522,39.59134045174634,80,91,29,67,68
P-024,24.45663618432937,39.56430675018859,75,75,38,26,92
P-025,24.465606998421705,39.57963157113045,72,84,77,16,79
P-026,24.4985175961393,39.605524012521414,43,99,20,55,72
P-027,24.439967378215837,39.656341919569925,72,74,88,22,87
P-028,24.471423443841363,39.66189497582332,53,73,23,49,88
P-029,24.479241456886204,39.55090377696905,60,62,35,51,72
P-030,24.424645041272,39.61639714933508,87,56,43,18,94
P-031,24.480754485190143,39.60426343040934,59,85,99,59,65
P-032,24.43705241236873,39.578874015361194,95,94,21,36,77
P-033,24.42650515929853,39.565582497753375,47,69,51,75,64
P-034,24.51488855372533,39.59388997228247,46,50,43,14,84
P-035,24.516563203307456,39.672578261508626,42,57,31,38,61
P-036,24.500839734811645,39.59201638116269,56,95,69,46,69
P-037,24.45046137691734,39.617442780826636,72,65,54,47,89
P-038,24.42976721140064,39.64139246465637,87,63,52,92,64
P-039,24.488423302651217,39.597271848309305,51,61,52,17,92
P-040,24.46401524937396,39.676331670753726,98,72,80,74,60
P-041,24.43220382348448,39.67511814834248,90,64,70,95,77
P-042,24.469517691011127,39.582731698457295,61,77,62,26,91
P-043,24.423438852111524,39.61464230576601,94,83,31,80,70
P-044,24.510932040207877,39.58911418027618,61,51,86,98,80
P-045,24.445877998160004,39.58702926426907,85,81,84,54,85
P-046,24.486252228435397,39.554795303156084,69,72,52,13,84
P-047,24.451171107608943,39.62924336341739,77,71,59,45,81
P-048,24.472006802117782,39.61534827301975,77,74,93,79,86
P-049,24.474671027934328,39.556692237662496,84,71,62,40,72
P-050,24.438485445552555,39.58622404035076,90,71,63,28,92
P-051,24.516958462776454,39.668074565175665,93,98,48,70,93
P-052,24.49751328233611,39.5811430457867,47,91,32,63,94
P-053,24.51394989415642,39.568836333371856,66,55,31,48,60
P-054,24.509482735042766,39.61362885883608,66,64,65,83,80
P-055,24.47978999788111,39.678134559034376,73,92,21,99,65
P-056,24.51218742350231,39.581467185296496,60,86,54,28,87
P-057,24.428849250205193,39.63737762116276,69,82,27,48,76
P-058,24.439598286241917,39.64901054999273,72,57,45,76,64
P-059,24.424522728891056,39.58089288071901,67,93,93,54,90
P-060,24.452533033076328,39.64466812531954,86,93,53,22,64
P-061,24.45886772896895,39.5978118072535,72,54,26,67,97
P-062,24.44713490317739,39.63219975797716,44,88,87,29,62
P-063,24.502873750915192,39.63235886239892,99,53,77,81,82
P-064,24.455675332669358,39.61965070892972,87,55,94,70,96
P-065,24.448093450968738,39.56173767010707,58,94,48,48,96
P-066,24.474269608315826,39.6585893244266,43,81,55,10,69
P-067,24.43409242249748,39.591701408446326,74,79,40,12,69
P-068,24.500219698075405,39.57424740635198,88,96,55,86,78
P-069,24.42745506436798,39.55530076840212,56,84,29,71,76
P-070,24.518688693660053,39.62681608261447,83,89,92,72,80
P-071,24.497224476929667,39.63808336703949,67,65,43,34,73
P-072,24.439871568153418,39.55215641776062,69,62,83,65,68
P-073,24.420552211712362,39.6165720975789,68,99,68,42,60
P-074,24.501546142845484,39.57944445077573,85,91,55,47,72
P-075,24.490685734384762,39.633872462753224,92,79,43,15,63
P-076,24.492900716804098,39.57266763577065,45,68,42,67,60
P-077,24.497127034668594,39.63982190595332,74,66,81,53,99
P-078,24.42740446517341,39.60027559501907,99,68,56,54,91
P-079,24.45584657285443,39.67177489853577,80,77,31,41,93
P-080,24.431586905952514,39.56787772273898,76,75,74,54,87
P-081,24.506310342587557,39.59433862563653,63,86,32,70,90
P-082,24.482329812682757,39.56475155776128,68,75,42,56,67
P-083,24.453089802485266,39.670210170376215,88,72,49,30,98
P-084,24.426355835028605,39.66405411593953,85,58,36,89,85
P-085,24.451098232171567,39.58353241160297,92,61,81,94,93
P-086,24.452518332202676,39.63579792598444,70,50,32,84,62
P-087,24.492960617833806,39.65623888602616,74,50,78,45,71
P-088,24.483755747135522,39.622176105507926,99,96,38,28,60
P-089,24.50872127425763,39.618854575186276,72,83,68,29,64
P-090,24.467221492516195,39.58144079781706,91,81,31,66,89
P-091,24.43195942459383,39.56210335981476,60,97,80,27,89
P-092,24.4913244787223,39.66663804853393,71,74,38,56,76
P-093,24.49607850486169,39.66705434743123,62,89,95,58,82
P-094,24.47612771975695,39.63230318944552,72,94,28,23,74
P-095,24.497096717995458,39.594073872836326,42,50,90,24,96
P-096,24.46937955963644,39.59539724469965,57,65,47,40,80
P-097,24.4722732829382,39.64437423825313,64,88,97,10,73
P-098,24.462754101835856,39.666624333793834,81,54,71,63,61
P-099,24.42254191267441,39.665321235154465,70,71,35,12,70
P-100,24.430789142699332,39.65138382096149,93,78,88,25,98
